,comments
0,Plus pertinents
1,"Fuyez la Fnac commande passée en juin. Livraison prévue le 28 juin. Commande à ce jour, jamais expédié. Quand je contacte le service client, on me répète que l’article est en attente d’approvisionnement !"
2,"La sélection est sur Plus pertinents, certains commentaires ont donc peut-être été filtrés."
3,"Bonjour, la fnac, je vous ai envoyé un message via messenger pour un soucis de régularisation de paiement d'une pré commande (carte qui s'est périmée entre deux). L'option regulateur ne s'affiche pas et je ne PEUX PAS annuler ma commande car il s'agit d'une pré commande d'un article collector en édition limitée. Or, ça fait plusieurs semaines que ce message vous a été envoyé, je suis même passée via le site fnac, mais toujours aucun retour de votre part."
4,"Commander chez la FNAC c'est juste prendre le risque de se faire voler son colis, sans qu'ils ne fassent rien pour vous"
5,Est-ce normal je viens de voir une de vos publicités pour une tablette le lien dirige vers un de vos concurrent (supermarché) ?
6,Laurent Djn
7,Bonjour Maxitop et merci pour ce beau concours. Je participe avec plaisir et nomme Florence Paino et Nathalie Guyot . Belle journée à tous
8,"Carole Wagner
c'est un concours pour toi ça..."
9,"Bonjour, Merci beaucoup, "" Vous avez obtenu un score de :
3/3 et toi
Chantal Filloux
??? a tous une belle fin de mardi"
10,Cobra De Vinci
11,"Une honte, des semaines que je veux contacter fnac via Messenger!!!
A chaque fois ce message
En raison de difficultés momentanées, notre équipe ne peut répondre dans les délais habituels.
Pour conserver votre place, merci de patienter sans renvoyer de message
http://fnac.com/aide
Et plus de réponses ensuite, une honte, service client plus que déplorable, je vais surement arrêter ma carte adhérent d'ici très peu si ça ne bouge pas et me tourner vers d'autres plateformes!"
12,Je suis motivé pour gagner !
13,"Aurelie Collet
t es prête ?!!!"
14,Dommage trop loin
15,"On ne peut toujours pas s'inscrire pour le 29 novembre a lyon bellecour ca devait ouvrir a 15h30 , 16h30 toujours rien"
16,"J'y étais a 16h15, et j'ai été refoulé trop de monde"
17,"amenez nous de la frappe, un conseil, du lourd"
18,"Bonjour de quelle heure à quelle heure ?
Merci beaucoup !!!"
19,"Seb Jouet
ma conjointe aussi a était refoulée vers la même heure. Des gens faisaient la file d'attente depuis 14h00-14h30. Dommage !!!"
20,"Fuyez la Fnac, incompétence maximum, argent bloqué, service client inexistant"
21,"Kévin Lemaire
""For your safety, please avoid sharing personal info here. DM us your contact details instead so we can assist you securely."""
22,Bjr est-ce toutes la journée ? Merci
23,"Vilayphone Fastre
Sur le site c'est noté de 17h30 a 19h"
24,En tant que pays le plus taxé au monde je trouve honteux cette procédure d’essayer de rafler encore de l’argent en caisse ! Tout les prix ont bondit sauf les revenus et on essaie de culpabiliser celui qui répondra non ! À
25,"Pas d accord je vais régulièrement à la fnac
Bercy Village
et j'ai toujours un vendeur disponible et sympa par contre très mitigée sur la fnac montparnasse....."
26,"Membre Fnac one, j’avais des chèques cadeau arrivant à expiration. J’ai eu des problèmes de santé et n’ai pas pu m’en servir dans le délai. Une semaine pour avoir une réponse du service client par whatsapp me disant d’appeler, j’appelle (plusieurs fois car à chaque fois gros délai d’attente) pour qu’on me dise non et d’envoyer un recommandé ! Je ne demande pas l’aumône mais juste qu’on me prolonge exceptionnellement mon chèque cadeau"
27,C'est cool comme ça la fnac paiera moins d'impôts grâce à votre argent
28,Un rien c'est tout c'est pompé sur un titre de Oxmo Puccino... Il va être content... Il va pouvoir toucher des droits...
29,J'ai Acheté une swich 2 avec abonnement 1ans j'ai jamais reçu le code d'abonnement je suis dégoûté j'ai perdu 39 euros voilà vive la fnac
30,Toujours très opaque tout ça
31,Cette mise en scène en carton
32,Lamentable !! Encore un donneur de leçons
33,"Bonjour Lionel,
Merci pour votre message. Nous vous avons répondu en privé afin de vous apporter une réponse personnalisée.
N’hésitez pas à consulter vos messages, nous restons à votre disposition
À bientôt !
Tiffanie"
34,Un vendeur n a pas du faire le changement d affichage en heure et en temps tout simplement
35,"Bonjour Tiffanie, merci pour votre réponse envoyée en privé, même si elle évoque le copier-coller d'un texte standardisé, voire la prose d'un bot IA qui a vaguement compris que je parlais de prix - et m'indique en tout cas que vous n'avez pas compris la question, qui était : pourquoi le MÊME produit est-il à deux prix différents dans le MÊME magasin ? Bien cordialement."
36,"Même produit à 2 prix différents dans le même magasin. Une explication ? Évidemment, en caisse il passe au prix fort, donc non."
37,"Stéphanie Pons Chartrez
Nous sommes sincèrement désolés d'apprendre votre expérience. Veuillez accéder à notre profil et nous envoyer un message directement dans notre boîte de réception afin que nous puissions examiner votre situation et vous apporter l'aide que vous méritez. Nous sommes impatients de vous accueillir."
38,"Dégueulasse l'édition fnac, le chrome est arracher à peine sortie de leur carton..."
39,"Stéphanie Pons Chartrez
le soucis c’est que vous avez probablement acheté votre mobile chez un indépendant qui vends sur le site de la Fnac et dans le cas là c’est à l’indépendant de faire marcher la garantie."
40,"La Fnac... comment décrire la qualité du SAV... Plus de 2 mois que j'entretiens une conversation qui frôle l'absurde avec ce qui est très certainement une IA... après qu'on m'ait demandé de manière répétitive les mêmes informations que j'ai donc envoyé plusieurs fois, on me donne enfin un lien pour faire réparer mon mobile... lien qui ne fonctionne pas!!! Je me suis déplacée en boutique, ni la personne du SAV sur place ni le partenaire WeFix est en mesure de m'aider... Retour à la case départ, on est bien loin de la promesse de régler les réclamations en 8 jours. Un conseil: n'achetez JAMAIS sur le MarketPlace de la Fnac"
41,L édition fnac est magnifique
42,J'aime bcp cet écrivain j'ai lu tous ses livres et j'attends le prochain
43,"bonjour,sur la couverture au dos en bas de page,le mot codé n'est-il pas :the secret hedes threshold?sur le très bon livre ""le secret des secrets?(le secret est le seuil d'hades(la mort)."
44,"Fnac
Je vous ai envoyé un message sur Facebook sans réponse. Veuillez le regarder? J'habite aux É-U et je ne peux pas vous contacter par téléphone. Je vous remercier."
45,Bonjour je voulais savoir à quelle heure se termine le showcase ? Merci
46,Fuyez la fnac le sav est 1 catastrophe ! Plus d un mois que j essaie de me faire rembourser 1 livre alors que c est la fnac qui l a perdu! Et ils envoient 1 remboursement par lettre chèque! Et bien sur pas reçu donc a moi je faire 1 réclamation ! On marche sur la tete! Ils ne savant peux etre pas que nous ne vison plus dans les années 2000 et que nous sommes en 2025!
47,Le 5 octobre c était surtout l anniversaire de Goldorak
48,La fête des grands-pères c’est le même jour que la fête des pères ! Mais bon allez c’est bon pour le commerce
49,"Fnac
bonjour depuis ce matin il y a des problèmes sur le site et l'application pour suivre les commandes"
50,"Comme je ne peux pas vous joindre je publie ici une réclamation. Impossible de payer un achat de 4.32euros VOTRE service monétique me refuse ce paiement qui est autorisé par ma banque. Il s'agit bien d'un dysfonctionnement de VOTRE service monétique. Il est impossible de vous joindre au téléphone et vos ""chatbot"" sont non seulement nuls mais exaspérants. Peut êtrr qu'ern vous interpellant de la sorte vous apporterez un peu de considération a un client !"
51,"Fnac
nous avons beau vous écrire sur whatsapp et Messenger aucune réponse. La seule réponse automatique est que vos équipes ne peuvent pas répondre dans les délais. J attends depuis 2 jours mon chèque fidélité de 150 e suite à vos offres !
Je me sens flouée après une commande de plus de 1000 e !
Par contre personne nous oublie pour le renouvellement de carte fnac !"
52,"Attention en cas de non livraison la Fnac va vous demander de prouver que le colis n'a pas été livrer. Et il vous demanderons de voir avec vos voisins s'ils n'ont pas receptionner le colis à votre place . Pas de suivis de livraison . Pas de contact du livreur a son arrivee, pas de message pour vous dire ou est livrer le colis. Bref perte seche pour l'acheteur que je suis . J'en suis pour 800 € . Une honte."
53,Christine Roussel
54,Isa Guy
55,Ça nous rajeunit pas
56,Un Bon souvenir
57,"Cedric Corseaux
Sulian Clement Corseaux"
58,Nicolas Robin
59,Nanou Traiteur Stephane
60,Catie
61,Ya des fachos qui bossent chez vous.....
62,Faut il porter plainte pour espérer avoir un remboursées produits que vous ne livrez pas!
63,"Bonjour Adélaïde,
Bienvenue sur notre espace ! Pas de panique, je viens d'envoyer la demande de remboursement. Patientez entre 48h et 72h pour recevoir l'e-mail de confirmation.
À tout de suite,
Kevin"
64,J’ai une Apple Watch qui se vide très vite après une visite à votre Sav (3semaines) quel solution me proposez-vous ?
65,"Pourquoi c'est impossible d'acheter des manga sur le site de la Fnac et de se le faire livrer à Kinshasa en Rdc, on est obligé d'aller en Europe pour s'acheter de bons manga"
66,Antisémite
67,"La pire entreprise du monde ! Le colis n'a jamais été livré, mais le client n'a jamais été remboursé. J'ai contacté le soi-disant « service client » par tous les moyens possibles, mais personne ne répond. C'est honteux !"
68,"encore faut il recevoir ce que l""on commande j'attends un cd depuis le 1er août"
69,"Bonjour, Pouvez-vous m'expliquer pourquoi la FNAC met en place un service aussi incompétent et escroc que MARKETPLACE ? Même les vendeurs de DARTY confirment !"
70,"Fnac j'attends sur messenger votre réponse, censée arriver sous 2 heures, depuis 3 jours. Devant votre incompétence notoire je contacte la DGCCRF et 60 millions de consommateurs."
71,Mes places sont disponibles si vous êtes intéressé merci
72,"J’ai acheté un iPhone 14 via Fnac Seconde Vie, et franchement, grosse déception. Malgré plusieurs relances, j’ai attendu une éternité avant d’avoir une réponse du service client. Résultat : 20€ de perdus pour une carte eSIM, car le modèle était américain et incompatible avec les réseaux français. Quand on voit ça, on se dit que la qualité et le sérieux de la Fnac ont bien baissé… Dommage"
73,n'importe quoi... encore donner de la visibilité a ces influenceurs qui ne servent à rien...
74,"Bonjour, je réitère ma question vu que je n'ai aucune réponse nulle part. Sur le site FNAC, je ne peux contacter personne car j'ai une page blanche, où puis-je envoyer un mail en vu d'un remboursement d'un EPUB traduit par l'IA !!!!
Merci !!!!!!!!!!!!!!!!!!!"
75,"Je partage une expérience qui illustre parfaitement pourquoi la FNAC est en retard par rapport à ses concurrents.
Je suis formateur dans le commerce, et j’ai acheté un ebook sur leur site pour préparer mes cours. L’idée était simple : utiliser son contenu pour illustrer mes formations, en tirer des extraits, proposer des cas pratiques à mes étudiants.
Le fichier livré s’est avéré inutilisable. J’ai immédiatement contacté le service client, expliqué clairement ma situation professionnelle, et demandé un remboursement moins de 24h après l’achat. La réponse : un refus catégorique.
Chez Amazon Kindle, Kobo (Rakuten) ou Cultura, dans un cas pareil, on vous rembourse ou on vous propose une alternative. Eux savent qu’un client satisfait revient. La FNAC, elle, préfère perdre un client et garder son argent, en répétant que “la loi ne permet pas le remboursement”.
Résultat : du temps perdu, de l’argent jeté, et une démonstration éclatante qu’à la FNAC, le client n’a pas le droit à l’erreur, ni au respect."
76,Attention à la fraude. Il y a des gens qui se font passer pour conseiller FNAC à 1h du matin !!
77,Emi Bourgeois
78,"Han Hd
dommage c’est à Paris"
79,La Fnac vous comptez résoudre les problèmes de livraison un jour? Colis perdu depuis lé 14 août et aucune réponse de votre part. 125€ dans la nature et pas d’enquête faite auprès de la poste. Vous pouvez me rembourser mes 125€ maintenant s’il vous plaît avant que je ne fasse une réclamation à ma banque car c’est du vol à ce stade. Avant c’était une entreprise sérieuse !
80,Quelqu'un a t'il une place en trop?
81,"Je cherche une place pour assister à la rencontre, si désistement vous pouvez m’écrire en mp. Merci"
82,0/5
83,"Pour l inscriptions le 9 c est à la fnac ou sur le site de la fnac
Merci d avance pour l infos"
84,"Bonjour, comment peut-on faire pour vous contacter ? Page blanche sur le site !"
85,Oui
86,Rarement vu une humoriste aussi peu drôle surtout sur Tiktok.
87,Elle est très bien
88,"Fnac
Hello, est-ce que quelqu'un répond aux messages à la Fnac ? Impossible d'avoir une réponse de la Fnac, ni par téléphone, ni par messenger..."
89,La photo date quelque peu….
90,prévoyez de la Marie-rose !...
91,Nicolas Beber
92,"Grâce à l'intervention puissante d'un maître Spirituel Papa Bognon j'ai récupéré mon mari au bout de 2 semaines.C'est le premier miracle que j'ai vu dans ma vie. Je vous raconte ma propre histoire. Mon mari après une vingtaine d'années de couple , m'a laissé pour une autre femme sans dispute ni raison. J'avais failli avoir une dépression mentale. Je m'occupais plus de mes enfants car j'étais chaque jour soucieuse. Mes enfants sont obligés d'aller vivre chez ma mère. Après quelques mois, j'ai vu une dame qui parlait d'un maître spirituel Papa Bognon dans le groupe des recettes de cuisine facile et rapide. Après l'avoir écoutée j'ai pris le numéro du maître et suis entrée en contact avec lui. Il est juste adorable et gentil. Il m'a pris comme sa fille, me donnait des conseils, me réconforte, avec lui j'ai beaucoup appris de la vie. Après avoir fait les travaux qu'il m'a notifié. J'ai récupéré mon mari en 7 Jours . Cela étant comme un miracle pour moi. Je vous conseille de prendre contact avec ce monsieur Si vous avez des problèmes dans votre vie . Il travaille dans plusieurs domaines.Pour tout problème spirituel et physique de vie ( Problème de couple de tout genre , problème de chance , d'évolution , de travail , de voyage , de mariage , de blocage . Le retour d'affection , mari ou femme de nuit , problème de justice , protection , mauvais esprits , problèmes familiaux , liens familiaux maléfiques etc ... ) WhatsApp:
+229 0160210226"
93,"Pourquoi la FNAC fait un concours photo pour dénigrer les parcs zoologiques français, l’UICN et l’AFDPZ ? en partenariat avec une association qui soutient SHEIN et ses scandales d’esclavage et de pollution ?"
94,"Vous faites encore de la culture a la FNAC, je pensais que vous étiez devenu vendeur d'aspirateur et d'assurance frauduleuse."
95,Étiquettes de retour don't personnes ne veut remboursé après de multiples essais pas de mails la galère
96,vous serez chanceux si vous obtenez une réponse.
97,Est ce que vous pouvez me repondre sur messenger svp? Depuis hier pas de réponse!!!
98,Quand allez vous enfin ouvrir les remboursement pour le spectacle de bun hey mean????
99,Dommage que la Fnac refuse de publier les avis négatifs sur leurs vendeur de téléphone reconditionné ! Ils participent et encouragent les arnaques de leur escroc
100,"On vient chercher un livre et on trouve portes closes à Val d'Europe ce vendredi 15 août, c'est quoi c'est une grève ?"
101,"FNAC allez voir mon dossier. .Remboursez -moi . Des mois d,attentes , ca suffit."
102,"Fnac
A fuir le service après vente , moi toujours pas reçu colis en date de commande du 11 août faut pas se leurrer le colis est perdu ou voler et bien il se bouge pas vraiment le cul pour savoir où il est et refuse de renvoyer un nouveau colis. J’en suis à mon 3 eme appel et toujours au même point aucune évolution. C’est lamentable. Surtt ne commandez pas sur Fnac.com."
103,Je viens de voir leur précommande et je suis surpris que Metal Gear Solid Delta soit à 79.99e
104,Service client Fnac déplorable commande passée en juin jamais reçue et promesse de remboursement non tenue malgré les très nombreuses relances commande B2FZCP4TX7ZC
105,"Bonjour
Après un mois suivant le retour, toujours pas de remboursement.
C'est l'enfer.... 549€99 qu'il me manque et il me demande de patienter....encore et encore.....
Il ne respecte même pas leur propre conditions générales de vente, 14 jours suivants le retour.
Fnac un petit coup de main pour éviter de continuer de payer des agios à cause de vous ...."
106,"Impossible de contacter la fnac via leur site.
Nous avions pré-commandé dans les temps le jeu "" Donkey kong Bananza"" Switch 2 avec la mention ""10 euros sur votre carte fnac !""...... En magasin on nous confirme 10 euros seront crédité mais qu'il fallait attendre 2 ou 3 jours .... pas de problème..........
Sauf qu'on est le 7 Aout et rien n'a été crédité du tout. En magasins, ils ne savent même pas pourquoi ........ Si rien est fait on pourra donc considéré cela comme de la publicité menssongère !
J'espère que FNAC lira ce message et réagira ...témoignant du soucis de leur clientelle..."
107,Répondez au messages car je vais venir à Marseille me servir ! Bande de blaireaux
108,"Bonjour , vous êtes INJOIGNABLE !!!!!!!!!!!!"
109,"FNAC , Vous m'avez pris mon argent ,mais les disques ne sont jamais arrivé , lorque je parle a 'votre service a la clientele ai , tout le monde acquiece que ce que je dis est vrai . Pourtant rien ne bouge . Comme j'ai choisi le mode de communication via FB ( non , mais quel gaffe !) . Je suis pris au piege . Personne me reponds a part un AI qui se repete comme un perroquet. Pathétique . REMBOURSEZ-MOI"
110,"Et sinon les dossiers SAV ca y est on les jette à la poubelle ? Traitement calamiteux, informations pas claires, remontées qui n'aboutissent pas, problèmes de communication entre les différentes entités,... L'expérience client a ete jusque la plus que déplorable et c est deja le 2e cas SAV (sur 2 tout de même... beau tir gagnant et perfect a la clé) en 1an. Les choses ont bien changé... et pas en bien... On en parle pour résoudre la situation ou on continue a prendre les gens pour des débiles ?"
111,"Surtout fuyez les magasins franchisé, il font ce qu'il veulent .une honte pour la Fnac qui donne son nom a n'importe qui . Sav refusé sur une manette ps5 sous garantie, le pseudo vendeur n a même pas pris le temps de l envoyé chez Sony pour avoir l avis du réparateur ."
112,"Bonjour
Toujours pas de nouvelles de ma commande passée le 30/06…. Produit en stock à l’époque … mais finalement non …
Puis … Sur le site de la Fnac pendant plusieurs jours il était marqué expédition à partir du 29/07 pour les nouvelles commandes
… puis le 3 puis le août …Et on m’avait dit que pour ma commande j’étais prioritaire
Rien …. Rien , pas de date d’expédition…. Que fait la Fnac pour tenir au courant ses clients ?
Ah oui j’oublie … le produit était à 99€ et depuis passe à 160€
La Fnac voudrait peut être que j’annule ma commande à défaut d’être informé , livré ?"
113,"Une catastrophe concernant les précommandes PayPal qui doivent être ""régularisées"" en donnant ses informations bancaires par téléphone ou via un virement bancaire laborieux, pour l'avoir plusieurs jours après, on était des centaines, on en parle ? Puis toutes ces personnes qui ont fait confiance à la FNAC en réservant la Switch 2 , deux mois avant et qui n'ont eu le droit aux goodies comme les opportunistes qui l'ont acheté à la release ?"
114,Bonjour. Depuis quand la cagnotte Fidélité Fnac est valide 1 mois??? Je veux faire une commande et utiliser ma cagnotte et on m'apprend qu'elle a été supprimée sans même m'avertir ... 30€ perdus ???? Je sens que vous allez perdre pas 1 mais 2 client Fnac One....
115,Bientôt ils vont nous sortir Mario en monde ouvert
116,Vincent Gauclin
117,"FNAC = menteur !! publicité mensongère !!!Nous avions pré-commandé dans les temps le jeu "" Donkey kong Bananza"" Switch 2 avec la mention ""10 euros sur votre carte fnac !""...... En magasin on nous confirme 10 euros seront crédité mais qu'il fallait attendre 2 ou 3 jours .... pas de problème..........
Sauf qu'on est le 7 Aout et rien n'a été crédité du tout. En magasins, ils ne savent même pas pourquoi ........ Si rien est fait on pourra donc considéré cela comme de la publicité menssongère !"
118,"Commande annulée par la Fnac et c'est tant mieux, j'avais demandé en parallèle. Même commande passée chez Amazon, déjà livrée, prête pour livraison le lendemain.... ça change ....en plus la Fnac fait payer quand on appelle le service client, non seulement ils sont archi nuls mais en plus j'ai perdu presque 10 euro. Ciao la Fnac !!!"
119,Commande toujours pas livrée et aucune nouvelle ! Je ne renouvelle pas ma carte et pour une éventuelle nouvelle commande je commanderai ailleurs. Ras le bol de la Fnac. C'est devenu un enfer
120,"FNAC vous êtes des nuls. Commande passée par internet, supposée être livrée le 31 juillet. Toujours en préparation. D'après votre service client, c'est en attente de reapprovisionnement, alors arrêtez de prendre des commandes en ligne si vous n’avez pas les articles. C'est irrespectueux des clients, leur mentir et cela montre votre incompétence. Comme beaucoup la prochaine fois j'irai voir ailleurs !"
121,Service client catastrophique et sav qui ne répond jamais.... Avant la Fnac était une valeur sûre où les clients étaient repstectés....
122,"Je suis bien d'accord, j'ai commandé un aspirateur depuis le 13 juillet toujours rien ,pire soit disant en rupture d'approvisionnement et encore en commande sur le site . Pas moyen d'avoir un contact service client sauf en payant la communication à 40 c la minute,appel avec 7 min d'attente honteux"
123,"Fnac
Je vous que je ne suis pas le seul à me faire balader
J’achète un produit dit en stock fin juin
Livraison le 3 juillet
Mais en fait non , en attente fournisseur mais semblerait que je sois le premier en liste d’attente
Puis rien …. Rien rien .. le produit est revenu en stock ….
Mais peut être que ça vous fait …. d expédier un produit qui depuis a quasi doublé de prix …."
124,"complètement d'accord avec vous, c'est incroyable le changement de cette enseigne. Fuyez et allez à la concurrence qui heureusement existe"
125,"SAV
Fnac
une catastrophe !!"
126,plus accessible??? pas en prix
127,Mdr..2000€ accessible...
128,"Mdr. Les bons plans de la Fnac !! Pack ps5 affiche 428€, mis au panier et quand on veux valider le tarif repasse à 549€. Explication téléphonique : l opération devait être finie au moment de la validation…. Bien sur…"
129,"Bonjour, j'attends un remboursement de 143€ pour des livres reçu dans un état très abimés. Depuis mercredi dernier le colis a été livré dans votre entrepôt sauf que je ne vois toujours aucune évolution en ce qui concerne mon remboursement. Service client qui ne répond pas via Messenger et attente de plus de 15 mins pour avoir quelqu'un au téléphone. J'ai une sur-facture de téléphone de plus de 60€ juste pour joindre la Fnac avec vos tarifs téléphonique ! Merci de bien vouloir faire le nécéssaire."
130,"Serait bien de débloquer les paiements en plusieurs fois pour les iPhones 16, il y aurait certainement plus de vente"
131,"écran en panne achat FNAC pas de suivi sav il nous baladent, nous demandent de passer directement par le fournisseur, la FNAC c est fini service déplorable, aucun respect du client."
132,"Ca peut aussi être 819 € d'économies, si tu tiens compte de la perte de ton colis et la Fnac qui fait silence radio, avec ta thune bien en poche !"
133,"Une commande passée le 5 juin sur le site, pour une livraison le 7... toujours pas expédiée plus de 40 jours plus tard. Aucune info de la part de la #Fnac... !! Pour un cadeau d'anniversaire d'un enfant... scandaleux !!
4 appels déjà passés au service, et a chaque fois on me balade en me communiquant une fausse date d'expédition...
J'aurais du commander sur un site de géant américain ???!!"
134,Et vous avez retrouvé mon colis et ma thunasse ?
135,Service de livraison et SAV déplorables - ordinateur portable livré dans un colis jeté par dessus un portail de plus de deux mètres de haut (sans aucune protection) - le SAV me demande de faire moi-même le retour du produit - aucune indemnisation pour les délais et les désagréments
136,La Fnac à fuir !! Votre sav est des plus déplorable j’ai commander un iPad que j’étais censée recevoir le 27 juin sauf que je n’est jamais reçu mon colis et depuis ce jour je me bat pour être remboursé plus jamais je ne commanderais chez vous !! Vous ne trouver aucune solution je suis obliger de faire appel a un médiateur
137,"C'est moche de soutenir la haine d'un pays qui a fait votre fortune en premier, c'est moche de soutenir la haine des blancs. La Fnac il y a un moment que je la fuis, et ça va durer encore longtemps je pense. J'aime bien Amazon, au moins le fric va à eux et non à vous."
138,Vue que vous soutenez la racaille au détriment de notre pays je ne foutrai officiellement plus un pied chez vous et vue le fric qu'on y dépensait ça ne sera pas moi la perdante et j invite tous les français qui aime leur drapeau à faire de même #boycottfnac
139,Y a moy' de rencontrer le PDG de la Fnac ? J'aimerais lui faire signer mon colis que j'ai toujours pas reçu.
140,"Bonjour, je n'ai aucune réponse à mes demandes de remboursement sur messenger et impossible de vous contacter par message. Merci de faire le nécéssaire et rapidement."
141,"Margaux Didier
et aucun geste en guise de dédommagement. Faut pas s etonner qu'on aille à cultura ou autre..."
142,Surtout fan de livraisons effectuées ! Ne manquez pas l'occasion d'honorer ma commande d'il y a 25 jours
143,Je n achète plus rien chez eux fnac et Darty
144,"A votre prochaine visite à la Fnac, n'oubliez pas de vous munir de boules puantes"
145,N'oubliez pas FNAC c'est DARTY dans le même sac
146,"Concert anti-police et anti-France, apparemment assumé par la Fnac. C'est bon à savoir..."
147,"Artistes ils osent dire
mais lol"
148,"Lamentable ce concert. Anti-police, anti-France.. la FNAC, une enseigne à boycotter."
149,"Bonjour la
Fnac
! Merci pour la livraison. En revanche attention aux livres non protégés ! On les souhaite non cornés et non abîmés svp !"
150,Mieux vaut attendre la fin des soldes
151,"Si vous ne voulez pas de service client, allez à la FNAC! Un commande marquée livrée alors que non reçue. Fnac m’envoie un mail en insinuant que ça arrive souvent pour moi alors que je commande que très rarement chez eux et que mes derniers achats étaient en click and collect en boutique. Ils demandent un dépôt de plainte, je l’effectue dans la foulée et là passe un mois et maintiennent que le colis a été livré dans un lieu sécurisé que j’aurais communiqué au livreur. Sauf que je n’ai eu aucun livreur et je n’étais pas à mon domicile. On relance le dossier, FNAC demande une nouvelle copie du dépôt de plainte (document officiel) déjà envoyé 10 fois par courrier et mail. On fait l’effort d’appeler, le conseiller inutile vous répond qu’il faut répondre au mail avec de nouveau le dépôt de plainte. Je lui dit que j’ai déjà envoyé les documents et je renvoie de nouveau. Il ne comprend pas"
152,GO pour la 4è semaine d'attente de ma commande !
153,Sav pourri. J attends toujours l appel du responsable
154,"Une enseigne de
tenue par des
pour attirer des pigeons en faisant liker tout leurs poste par leurs salariés et qui une fois le paiement effectué vous abandonne au moindre problème si vous souhaitez perdre de l argent et votre temps Darty sont les meilleurs pour ça bref FUYEZ CES CHARLATANS"
155,"Attention à l’offre de cagnotte Fnac !
J’ai acheté un iPad Air dans le cadre de l’offre “10€ cagnotés tous les 100€ d’achat”. Résultat : 80€ crédités sur ma carte. Jusque-là, tout va bien.
Mais un mois plus tard, ma cagnotte est mystérieusement passée à 0€, sans aucun message, sans expiration annoncée, rien.
Je ne sais pas si c’est un bug ou une pratique douteuse, mais c’est clairement inacceptable. Quand on propose une offre censée fidéliser, la moindre des choses c’est d’être transparent et honnête.
Le service en magasin est top, mais ce genre de surprise donne une très mauvaise image de la Fnac.
J’attends des explications claires de la part de l’enseigne. Et s’il s’agit bien d’une erreur, j’espère un geste commercial à la hauteur. Sinon, je n’hésiterai pas à en parler plus largement (DGCCRF, associations de consommateurs, etc.).
Si d’autres personnes ont eu le même souci, manifestez-vous. On est sûrement pas seuls."
156,Jour 25 : c'est où qu'il est mon colis ?
157,"Plus aucun argent pour la FNAC! Vous soutenez la racaille et la financez, très bien! Boycott!"
158,Le top chrono est lancé depuis le 3 juillet pour ma commande
159,Concert raciste et anti France
160,"En direct de mon domicile, où j'attends derrière la porte que mon colis arrive depuis 25 jours"
161,Je vous ai écrit en privé.. Je vous relance ici puisque je n'ai aucune réponse ... j'aimerais pouvoir parler au service client de la fnac svp
162,"Pitoyable concert de haine anti France
bye fnac"
163,"Lorsqu'on commande un livre numérique, cela s'appelle une ""commande"", lorsque je signale un problème de commande, on ne me parle que de commande physique. Vous êtes trop nuls."
164,J’attends toujours mon remboursement !
165,"Bonjour, le concert de mercredi est il maintenu avec le passage en alerte rouge canicule?"
166,"Cel Dep
10 ans pile poile stp !!!"
167,Une fois j avais vu Biffy Clyro
168,"Soum Sc
un bon souvenir à danser sous la pluie"
169,"Franchement , je crois que c'est la dernière fois que j'ai passé une commande à la Fnac (pourtant je suis client depuis très très longtemps ). Commande passée le 20/06 et normalement livraison sous 3 à 4 jours et depuis rien.....Ah si livraison prévue pour le 02 juillet c'est de l'abus. UNE HONTE"
170,"Toujours pas de reponse ni de solution a ma reclamation ouverte il y a plus d'un mois !!!! Inacceptable, je suis cliente fnac one + depuis des annees et desormais des que je rencontre un soucis on ne trouve pas de solution, on fuit ses responsabilites. UNE HONTE"
171,"Chère
Fnac
Fnac Spectacles
,
Vous avez annoncé que l'on pourrait retirer des invitations pour le Fnac Live ce matin à l'ouverture des magasins Ternes et Forum. Pouvez-vous m'expliquer comment il est possible qu'en étant le 1er à la billetterie des Ternes (10h05 à l'ordinateur de la collaboratrice), on me dise qu'il n'y a plus de places disponibles pour la soirée de mercredi
Barclay
?
- il n'y avait a priori pas d'autre moyen de se les procurer.
- certes le magasin avait peut-être quelques minutes de retard à l'ouverture, mais qu'on ne me fasse pas croire que Forum a distribué toutes les places pendant ces 5 minutes. Je suis resté devant le guichet jusqu'à 10h15 et on continuait à en donner pour jeudi et vendredi.
C'est vraiment scandaleux : 1h d'attente, 1/2 journée de congé perdue, si vous n'aviez pas de places à donner autant ne rien annoncer.
#Fnac #FnacLive #FnacLiveParis"
172,belle rencontre avec un auteur à succès très accessible merci pour l'accueil à l'équipe de la Fnac Valenciennes et son directeur Marc T.
173,ne fait plus des achats chez eux se sont des bandits cela fait deja un mois que je reclame mon remboursement personne ne me repond ils me donne des numero qui ne passe pas avec des adresses emails qui nexiste pas faite tres attentions a eux
174,"Bonjour,
Pour que nous puissions vous aider, je vous invite à revenir vers nous en DM, svp.
À votre disposition,
Yohan"
175,"Fnac
Lorsqu'on commande un livre numérique, cela s'appelle une ""commande"", lorsque je signale un problème de commande, on ne me parle que de commande physique. Vous êtes trop nuls."
176,"Pourquoi un client avec la carte Fnac paye plus cher en magasin que sur le prix affiché sur le site... carte inutile que je ne renouvellerai pas. Par consequent, je déconseille"
177,"que pense
Raphael Quenard
du fait que vous vendiez le magazine furia, porte-voix de l’extrême droite identitaire, avec notamment papacito, condamné pour injures homophobes et incitation à la violence ou marsault condamné pour harcèlement, injure publique et usurpation d'identité? qu'en pensent vos clients ? et vous ?"
178,https://www.facebook.com/share/14EvPpjnmfj/?mibextid=wwXIfr
179,l'horrible IA de
180,"SAP Fnac indisponible le weekend donc je publie ce message ici en espérant que lundi 16 juin quelqu'un s'activera pour faire le nécessaire :
Bonjour,
Vous deviez effectuer la livraison de ma commande de livres aujourd'hui maximum à Pantin et vous l'avez livrée... à la Courneuve. Le relai colis où le pli a été déposé est fermé le dimanche et je pars à Lyon lundi matin à 9h!!! Personne ne m'a appelée pour me demander si cela me convenait!!! Et il y a des relais dans le 19eme plus proche de chez moi, même à la gare de Pantin et ceux là sont ouverts les weekends !!! Mais dans quelle monde votre livreur vit ?? Je vis en plus en Guadeloupe donc expliquez moi maintenant comment je vais récupérer mes livres ???"
181,Déçu du sav fnac
182,"ça vous arrive d'aller regarder vos messages sur MESSENGER et y répondre,????! commande passée il y a 1 mois toujours rien reçu §! bande d'incapables !! N° EMZMHVRMFWRXY
du 12 mai 2025
En cours de préparation"
183,"Après l’enfer avec la FNAC qui m’a fait attendre 1 mois toujours « Colis en préparation » pour suite à ma réclamation par téléphone [car sur leur page officielle sur Messenger PERSONNE ne répond jamais aux messages malgré 10 relances!] m’annoncer que ma commande est annulée car le DVD n’est pas dispo alors qu’il est toujours marqué dispo sur leur site (ils vendent des choses qu’ils n’ont pas!) j’ai commandé enfin sur AMAZON
La Belle et l'hélico
Larry Hagman (Acteur), Susan Anspach (Acteur), William A. Graham (Réalisateur) Classé: Tous publics Format : DVD
Montant total TTC : €9,99"
184,"Fnac Vichy n'achetez rien chez eux ￼ surtout pas un iPhone. C'est des mal honnête aucun Sav on vous rappelle jamais et quand vous appelez vous pour vous plaindre on vous raccroche au nez.
Ne respecte pas les clauses de garantie de 2 ans en France"
185,"Bonjour,
Je vous ai écrit en DM il y a 15 jours pour une commande partiellement honorée, je n'ai pas eu le crédit des bons d'achats lié à ma commande pourtant validée et prélever. J'ai toutes les captures d'écran. Mais c'est silence radio de votre côté malgré plusieurs relances. (Votre chat dit quand même une réponse sous 2H) cela fait 15 jours"
186,"15 jours pour livrer un bouquin, c'est quoi le problème?"
187,Vous essayez de faire le forcing pour des assurances pourries quand on achète des mangas aussi ?
188,"Camion de livraison qui tourne en rond dans la banlieue parisienne depuis 2 jours, alors que ce camion devrait être à Dijon depuis 2 jours."
189,"Bonjour, je n'ai toujours pas de retour concernant ma réclamation. serait il possible d'obtenir une réponse. Je vous remercie"
190,"Les doléances , c'est pas sur Facebook, appelez le sav directement"
191,"Bonjour,
Je vous ai écrit en DM il y a une dizaine de jours pour une commande partiellement honorée, je n'ai pas eu le crédit des bons d'achats lié à ma commande pourtant validée et prélever. J'ai toutes les captures d'écran. Mais c'est silence radio de votre côté malgré plusieurs relances. (Votre chat dit quand même une réponse sous 2H) cela fait 10 jours"
192,"Bonjour, Mask singer on annonce que la tournée Mask singer a été décaler en 2027 comment cela ce passe j’ai pris de ticket ? Est ce que cela va être remboursé ?"
193,"Bonjour,
Pour une meilleure prise en charge, je vous suggère de contacter directement le service dédié :
- Sur Facebook :
Facebook.com/fnacspectacles
- Sur Twitter : https://twitter.com/fnacspectacles
- Par téléphone : au 01 41 57 31 41 (prix d'un appel local)
Ils seront ravis de vous offrir une prise en charge rapide et efficace.
À très vite,
Ken"
194,Fnac Spectacles
195,le site fnac est down pour payé en ligne en se moment.
196,Il est passé à deux doigts d'être un batteur/musicien légendaire (Phil Collins)...
197,"Bravo pour l’événement #FnacLiveParis et sa programmation ! Une remarque pratique : la politesse des agents / agentes de sécurité laisse plus que grandement à désirer. J’ignorais la consigne interdisant les ordinateurs et je m’y plie bien volontiers, ce que je réponds à la personne qui fouille mon sac en me mettant sur le côté pour partir. En revanche, je n’accepte pas de me faire mal parler, en criant et en m’humiliant, par la personne en charge de la sécurité. Elle ne fait pas un boulot facile, mais cela ne l’autorise pas à être irrespectueuse, agressive et humiliante. Honnêtement, la
Fnac
, sur ce coup vous perdez une cliente depuis 30 ans. Je dois moi-même assurer la sécurité de lieux fréquentés par du public et jamais je ne pourrais imaginer un dixième de la situation que j’ai vécue ce soir."
198,Suivre
199,Joie !!!
200,"Soyez prudents lorsqu'on vous propose des contrats à la Fnac. Les agents qui travaillent dans ce magasin sont des vicieux, des malhonnêtes et des profiteurs. J'ai acheté un ordinateur il y a 6 jours, le monsieur m'a proposé un abonnement Microsoft de 10€ par mois que j'ai accepté. À la maison, je me rends compte que c'est 22€ à payer/. mois. Le lendemain je suis allé résilier l'abonnement, on me dit que je peux le faire tout seul à la maison. Lorsque j'ai essayé, c'est écrit que je dois terminer la période d'engagement de 1 an. On appelle celà le DOL du consentement. J'ai appelé le service client qui n'avait aucune solution. Ils sont tous des malhonnêtes. Je vous demande d'être prudent lorsqu'on vous propose des contrats dans ce magasin. Les agents sont des menteurs et des manipulateurs. Quand j'appelle le SAV, ils ne décrochent plus. Une honte et une pratique dépourvue de moralité."
201,BONJOUR SUR LE CHAT WEB POURQUOI PERSONNE NE RÉPOND DEPUIS LA SEMAINE DERNIERE PAR CE QUE JE SUIS DU CANADA? UN BON ACHETEUR DE L ETRANGER NE VOS PAS LA PEINE DE LUI RÉPONDRE OU L AIDÉ? MERCI.
202,"Jacob Tchegbenagnon
bsr oui il y a l'engagement . Mais est ce qu'il y a les 7 j d'avis ...
Abonnement Microsoft je connais même pas"
203,"Les agents qui travaillent dans ce magasin sont des vicieux, des malhonnêtes et des profiteurs. J'ai acheté un ordinateur il y a 6 jours, le monsieur m'a proposé un abonnement Microsoft de 10€ par mois que j'ai accepté. À la maison, je me rends compte que c'est 22€ à payer/. mois. Le lendemain je suis allé résilier l'abonnement, on me dit que je peux le faire tout seul à la maison. Lorsque j'ai essayé, c'est écrit que je dois terminer la période d'engagement de 1 an. On appelle celà le DOL du consentement. J'ai appelé le service client qui n'avait aucune solution. Ils sont tous des malhonnêtes. Je vous demande d'être prudent lorsqu'on vous propose des contrats dans ce magasin. Les agents sont des menteurs et des manipulateurs. Quand j'appelle le SAV, ils ne décrochent plus. Une honte et une pratique dépourvue de moralité."
204,J'ai plusieurs livres sur la mer et océan . Mais ça m'intéresse d'en savoir plus
205,Un showcase est-il prévu dans d'autres Fnac ?
206,Impossible de pouvoir prendre des places !
207,"Et Fnac Bellecour, ce serait possible ???"
208,"Viens à Chalon-sur-Saone
Ycare"
209,Nos conseillers sont actuellement indisponibles pour chatter avec vous (horaires d’ouverture : lundi au samedi de 9h à 19h30). Vous pouvez toujours nous contacter sur nos réseaux sociaux ou par téléphone.
210,Bonjour avez vous un numéro de téléphone j aimerai vous contacter pour commander des livres ?
211,"j'ai le même problème : produit arrivé défectueux le 7 mai, envoyé en réparation sans possibilité d'échange ni remboursement. Depuis je me bats pour trouver quelqu'un qui puisse me répondre : est ce que je vais être remboursée un jour ? il faut que les consommateurs malheureux se groupent pour une action commune et une demande de dédommagement financier, qu'en pensez vous ?"
212,Bonjour. Voilà un mois que je vous ai envoyé un courrier en recommandé pour une plainte suite à un achat. Je n’ai pas reçu de retour de votre part. Quand puis-je en avoir un ?
213,Satisfaits à 100 %
214,"Le site de la Fnac, ça va bien pour acheter de petites babioles, mais n'allez pas acheter des trucs chers là-dessus. Allez sur des sites plus récents mieux faits et moins chers, où la livraison est au top et idem si problème quelconque. Là ils en sont encore au siècle dernier, ça fait partie des boutiques d'antan."
215,"Bon sang de bonsoir, si on prend la peine d'écrire notre adresse postale en entier sur le site, c'est bien pour qu'elle soit écrite en entier sur l'étiquette du colis afin que le livreur ne patine pas pour livrer. Non ? En plus DPD les livreurs, on reçoit des messages avec des liens.... même pas cliquables et pour dire, on passe, puis.... on n'a pas pu livrer, et ainsi de suite. C'est pourtant le B.A.BA Et après ça se croit de bons commerciaux, ils n'ont même pas les bases. C'est comme pour changer son numéro de téléphone sur le site, ça pourrait être plus aisé, car si le livreur a toujours l'ancien, il va pouvoir téléphoner dans le vide. Misère ! on sait où pas revenir acheter en tous cas."
216,c honteux j ai achecter une ps5 il y as 15 jours sur douai la manette bouton r1 bloque de temps en temps je vais les voir et ils me dise que je dois telephoner et envoyer ma manette en reparation du coup pas de remboursement ou meme d echance alors que la console et neuve
217,message envoyé
218,"Le 13 mai je me rends sur le site FNAC .com pour commander un livre . En passa
Je vois une offre incrustée dans la page Fnac concernant une offre de montre connectée à 1€ . J’actionne cette offre en confiance car je suis sur le site Fnac . Paiement des 1 € refusé par ma banque . Je m’aperçois que le site de la montre s’appelle Fitwin et qu’il est à l’origine de nombreuses escroqueries. La Fnac refuse d’entendre ma réclamation. Très peu de temps après je vois apparaître 2 transactions frauduleuses sur mon compte de carte bancaire : 2739 et 343 euros intitulés Maeva et Pierres Et Vacances . Deux sites sur lesquels je n’ai rien commandé.
ATTENTION LA FNAC ABRITE DES LIENS MENANT VERS DES ESCROCS ET VOUS ENVOIE BALADER LORSQUE VOUS LE LUI FAITES REMARQUER"
219,"Message envoyé par Messenger, le bot m'indique une réponse sous 2h. Depuis vendredi, silence radio de la FNAC !!!"
220,"Bonjour, Je suis en litige avec la FNAC, depuis 2023, un PC qui etait défectueux, on m'a pas remboursé, lamentable une grande enseigne de ce genre, le service consommateur PH... AU... ne répond pas ai service Juridique."
221,"La Fnac n est pas sérieuse, 21 jours sans solution pour un ordinateur qui ne s allume pas et est sous garantie !"
222,"Bonjour,
Pouvez-vous nous dire quand nous recevrons les photos prises avec Steven ?
Merci d’avance"
223,"Franck Sparrow
t au courant"
224,Bonjour puis je avoir les coordonnées du médiateur ? Problème non résolu
225,"Gros VOL la Fnac , fuyez !!!! J’ai fait une commande depuis le 1 er mars, qui s’est perdue et la Fnac ne m’a toujours pas remboursé malgré mes appels quasi quotidien !"
226,"ALLEZ AMIENS, ROUEN !!! faite venir ce grand Monsieur!"
227,Ah ben on l’avait perdu de vue
228,Vivement sur Paris
229,Oliv Cinesix
230,la Fnac si vous continuez comme ça vous allez mettre la clé sous la porte comment ça se fait que votre chat ne s'ouvre pas quand on va sur l'espace client on dirait que vous avez une commande pour le bloquer? tout ça pour qu'on appelle un numéro surtaxé et encore vous m'avez clos par erreur un litige j'ai du rappeler 20 minutes a 40 centimes ça fait 8 euros comment je me les fait rembourser c'est pas net a signaler je pense a l répression des fraudes
231,"Bonjour, comme beaucoup de clients de la FNAC je suis dessus du service client aux abonnés absent !
Etant dans le délai de rétractation de ma commande (une TV) et ne pouvant bénéficier d'une promotion en cours, la FNAC ne veut rien savoir. La seule réponse c'est ""refaite une commande et renvoyer la première""....
Géniale, merci pour l'astuce, l'environnement vous en sera reconnaissant!
Et pour les modérateurs qui passent par là : Si vous voulez un DM, vérifiez c'est déjà fait depuis 5 jours…"
232,"Bonjour, à qui puis-je m’adresser pour signaler un comportement irrespectueux au sein de la Fnac Val d'Europe ?"
233,J y serai
234,"Laurent Jansem
coucou"
235,"N achetez pas à la Fnac, j en suis a 22 jours sans solution pour un ordinateur portable qui ne s'allume pas et est sous garantie !!!??"
236,J’aimerais savoir pourquoi on m’impose une carte FNAC payante alors que j’ai annulé ma commande . C’est du vol . Méfiez vous tout le monde
237,"Bonjour,
Je vous invite à nous contacter en privé afin que nous puissions vous aider.
À très vite,
Adam"
238,"Gros VOL la Fnac , fuyez !!!! J’ai fait une commande depuis le 1 er mars, qui s’est perdu et la Fnac ne m’a toujours pas remboursé malgré mes appels quasi quotidien !"
239,"Edit : après avoir râlée sur messenger, le site de l'éclaireur bug. J'ai eu pour réponse de la fnac par Messenger qu'il faut contacter la fnac de ternes pour en savoir plus car eux ne savent pas.
Pour l'heure, aucunes informations sur les résultats du tirage au sort à 6 jours de l'événement"
240,"La Fnac est véritablement grotesque
https://www.facebook.com/share/p/16Xmcx4t3P/?mibextid=wwXIfr"
241,"Fnac
Les sélectionnés pour la dédicaces ont-ils été choisis? Va-t-on recevoir un mail pour nous informer?"
242,"Des news des résultats ? A une semaine de l'événement pas d'informations. De plus, sur le lien de l'article, il y avait noté ""ici pour les résultats"" (nom, prénom et code postal des gagnants devaient être indiqués), texte qui a complètement disparu .
Est-ce que le titrage au sort a été effectué ?
Je pense qu'il y a des personnes qui se sont inscrites au tirage sort et qui attendent de savoir si elles doivent poser un rtt pour y aller et prendre les billets de train/ hôtel et s'organiser. Ça risque d'être compliqué pour ces personnes si les résultats se font attendre"
243,"Fnac
Il existe quelqu'un pour répondre hormis des faux conseillers clients qui polluent les commentaires?"
244,"Bonjour à tous,
Je suis un grand fan de Naoki Urasawa et je n'ai malheureusement pas pu obtenir une place pour sa dédicace à la Fnac Ternes le 4 juin. Si quelqu'un a une place en trop ou connaît quelqu'un qui ne peut plus y aller, je serais extrêmement reconnaissant de pouvoir en bénéficier. Merci beaucoup pour votre aide !"
245,Bonjour j'aimerais exprimer ma colère contre la Fnac étant client Fnac one depuis plusieurs années je n'ai pas la possibilité de commander des steel book a peine mis sur le site sont déjà épuisés je trouve ça anormal que des personnes puissent commander et revendre des steebooks deux fois le prix donc je demande à la Fnac de veiller à ce problème car ça devient pénible et je vois que les personnes sont dégoûté et pense quitter et ne plus commander la Fnac.
246,"Service client scandaleux ! Ma commande est traitée depuis le 10 février. Le 23 avril, ma carte a été débitée du montant de la 3ème étape de la commande (bien entendu, sans possibilité d'annulation). Et depuis le 23 avril, silence."
247,"Fnac commande faite puis retourner, plus d un mois d attente et toujours pas de remboursement. Contacter le service client et toujours aucune réponse. Malgré ma réclamation"
248,Et vous vous alignez quand sur la switch 2? Plusieurs concurrents la vendent 30€ de moins que vous...meme pas une offre adhérent sur la console...
249,"“Une expérience catastrophique avec Fnac/Darty, à fuir absolument !
Entre un service client inexistant, des délais de livraison non respectés, et des produits défectueux dès le départ, c’est une véritable honte pour une enseigne qui prétend être professionnelle. Leur “service après-vente” est une farce : incompétence totale, aucune considération pour le client, et des semaines d’attente pour la moindre réparation ou échange. Ils se contentent de rejeter la faute sur tout le monde sauf eux-mêmes.
J’ai payé un prix premium pour un service qui, honnêtement, est pire que celui de sites discount. Une fois que vous avez acheté, ils ne veulent plus rien savoir. Fnac/Darty ne respecte ni ses engagements ni ses clients. Plus jamais je ne remettrai les pieds dans cette enseigne, et je vous conseille vivement d’aller voir ailleurs pour éviter le même cauchemar.”"
250,"FNAC commande payée comptant il y a 16 jours j
Appareil photo disponible 8 jours plus tard
Téléobjectif dispo 15 j plus tard
Carte mémoire toujours en attente
Soit 3 déplacements déjà et toujours pas complet"
251,"Votre électricité est coupée ?! J'attends depuis un autre jour une réponse de Messenger. En général, contacter le service client relève du miracle."
252,Bonjour pourriez vous me dire quelle est la différence entre les prix rouges et les prix bleus sur le site de la fnac svp ?
253,"Une honte vos french days...
Commande payée et validée et un mail pour me dire qu'à ma demande la commande est annulée...puis explication que produit plus en stock...puis 1h après produit en vente prix X2...
Une honte"
254,"Non!!! La Fnac ne répond pas au avis défavorables!!! Comme le mien :
Achat Aspirateur à main Dyson Car+Boat :
Les indications d'autonomie mentionnées sur le site de la Fnac sont totalement fantaisistes : 50 minutes en position maxi. C'est au mieux 15 minutes dans cette position. Autant dire très loin du compte et une utilité très limitée pour cet aspirateur à main. A fuir! Evidemment, la Fnac n'a pas publié mon avis sur son site et n'a pas non plus modifié les données techniques. Pas très transparent tout cela..."
255,"La
Fnac
vous savez répondre aux messages?!?"
256,Dotation reçue
257,"Merci beaucoup.
J’y suis pour la 1e fois"
258,"Bonjour
Fnac
,
Je me suis inscrite la semaine dernière au Prix du Roman Fnac 2025 mais, n'ayant pas reçu d'accusé de réception, j'ai renouvelé mon inscription hier... sans plus de succès.
Pouvez-vous me confirmer que ma candidature a bien été reçue?
Merci beaucoup"
259,"J'ai été sélectionné pour faire partie des 400 ! Merci beaucoup, beaucoup !!!"
260,"Bonjour
Fnac
, je me suis inscrite aussi et n’ai pas reçu de confirmation non plus ; comment savoir si vous l’avez bien réceptionnée ? Et comment sommes nous informés de la réponse ?
Merci d’avance"
261,"Inscrite, je croise les doigts!"
262,"Merci
Dominique CGalis
et Joyeuses Pâques"
263,Jmm Jmm
264,Stephanie Leborgne
265,Co fondateur de rien du tout c’est LEMMY le seul et unique fondateur de Motorhead suite à son éviction du groupe Hawkind… arrêtez de raconter n’importe quoi pour vendre vos produits
266,veuillez respecter les avantages fidelites des clients
267,"Fnac
vous ne répondez pas suite à au non respect des avantages liés à la carte Fnac plus.
Les 1% liés à la mastercard n’ont pas été crédités à la date du 8 avril 2025.
Ces incidents sont récurrents et si le client ne s’en aperçoit pas, il se fait avoir! C’est de la publicité mensongère et ces faits sont récurrents !
J’attends donc toujours une réponse et la restitution des sommes non versées
DGCCRF
UFC-Que Choisir
60 millions de consommateurs"
268,Ils sont incompétents dès qu'il s'agit du service clients.
269,"Fnac : attention à vos revendeurs qui font traîner la garantie sur les 30 jours.
Vous devez être garant de vos revendeurs."
270,Nouveau système bidon reprise de jeux à peine quelques euros même Micromania reprend plus cher.
271,Bonjour. La société WeFix que vous possédez est un escroc. Elle ne me fourni pas de facture correcte de mon achat. Sans retour de votre part je contacte la répression des fraudes et irait encore plus loin s'il le faut.
272,"Achat d une tv de 1600 euro en janvier, livraison prévue pour la première semaine de février. Aucune livraison, la Fnac refuse de nous rembourser en nous donnant sans arrêt des réponses différentes et des délais qui n arrêtent pas de s allonger. Elle ne répond pas non plus aux mises en demeure. On va en justice . Pour ceux qui pensent que c est une entreprise fiable , vous voilà prevenus"
273,"Une honte le service client ! Avant Noël on commande une boîte de cartes pokemon que voulait mon fils il en était indiqué en stock sur le site fnac pas chez un vendeur partenaire car payé avec une carte cadeau fnac... arrivée prévue quelques jours avant Noël, impeccable ! Mais c était sans compter sans l efficacité sans limite de la Fnac ! On recoit un mail retard d approvisionnement chez notre fournisseur. OK ça peut arriver... on attend patiemment la boîte n est pas sous le sapin pour Noël super
et puis finalement après un certain temps je décide d appeler le service client avec qui sans mentir j ai du dépenser sur tout l histoire presque 20€ merci le service client au numéro payant ! Se faire du fric sur le dos de bosser clients suite à vos erreurs et incompétences ! Je demande juste que la fnac se débrouille pour me fournir ce que j ai commandé le même article est en vente chez ses partenaires pour quelques euros de plus ! Si la fnac en 2025 ne saut pas gérer son stock qui s affiché en ligne ce n est pas mon problème c est facile de vendre puis annuler quand on veut...
Bref après je ne sais combien d appels et autant d interlocuteurs différents et donc 20€ on devait me rappeler pour me donner l adresse mail du service réclamation j attends toujours...
La semaine dernière mon fils regarde avec moi comment enfin utiliser ces cartes cadeaux qui lui étaient destinées qui attendent dans notre porte monnaie fnac. Il trouve une autre boîte pokemon toujours vendue par la fnac et dispo on commande et..... magique ! On reçoit le mail qui dit que notre produit a un oeu de retard et aujourd'hui que finalement il ne sera pas livré car problème d approavec le fournisseur
Est ce qu un jour vous allez investir dans un système digne de ce nom et arrêter de vendre des produits que vous n'avez pas et n aurez jamais ? Est ce que vous allez arrêter de faire attendre un gamin qui attend son cadeau des semaines piur apprendre qu il va falloir le recommander ailleurs ? Est ce qu un jour mon fils va pouvoir enfin utiliser ses cartes cadeaux qu il a reçu au mois de novembre 2024 ?????
C est honteux comme comportement, aucun respect du client, aucune aide qu'elle soit du service client qui devrait juste s appeler service ou tu peux râler mais de toutes façons on ne pourra rien faire si ce n est te faire payer pour pouvoir râler. Merci fnac ! Grand merci !"
274,"Comme vous vendez des Bescherelle, offrez-en à vos collaborateurs du site web ..."
275,Vous êtes disponible en côte d'ivoire ?
276,J'ai commandé dimanche avant minuit comme indiqué sur le site pour profiter de l'offre. J'ai dépensé plus de 300 euros sur votre site. Je ne savais pas que je devais renseigner un code spécifique et pensais que la promotion s'appliquait automatiquement sur mon compte fnac +. Le service client m'informe qu'il ne veut rien faire. Je trouve ça scandaleux....
277,Je confirme le service client inefficace : cela fait 4 semaines que mon fils se bat pour essayer de faire réparer un article sous garantie..il a reçu un devis pour payer la réparation alors que cela doit être pris pat la garantie..on lui a co.firme par téléphone mais depuis rien ..aucune réponse suite aux différents appels ..la FNAC ce n est plus ce que c était..
278,"Bonjour. Votre assistant virtuel Fnac est-il en panne, débordé ou inefficace ? Il me dit sur Messenger qu'un conseiller reviendra vers moi dans les deux heures, mais force est de constater que depuis une semaine et malgré mes relances, rien ne s'est passé..."
279,"Bonjour c'est quand le prochain weekend adhérent svpppppp
Merci"
280,"J'ai besoin de contacter Fnac France par email au sujet d'un club de lecture en français qui se deroule en dehors de la France, c'est presque impossible de contacter avec une personne ... comment est-ce que je peux contacter ??? (pas par telephone car je ne veux pas payer les couts d'un appel internationale, les autres moyens proposés ce sont des machines)"
281,Déjà complet même pas le temps de pouvoir réserver en sortant du travail
282,Pas mon truc.
283,J'ai réservé 2 places mais finalement je suis seule donc j'ai une place supplémentaire
284,"présent depuis 7h30 trop hâte
depuis le temps que j'attendais ce moment là !! Clara Luciani"
285,Je cherche une place si jamais je suis preneuse!
286,Je cherche absolument deux places ! Si quelqu’un a ça je lui serais infiniment reconnaissant
287,Je cherche désespérément 1 places svp !
288,"Je lance une bouteille à la mer: si jamais quelqu'un a une place en trop pour le showcase et la séance de dédicace de Clara Luciani le 4 avril à la @Fnac
de Lille, merci de me contacter"
289,"Merci à Clara et à toute l'équipe de la Fnac de Lille, excellente organisation !"
290,"Mince, incroyable, comment savoir les prochains showcase et dédicace? On peut s’inscrire sur la Fnac en amont ? Une maman qui aimerait offrir ce moment à sa puce
et qui est prête à se déplacer dans les Hauts de France, merci d’avance"
291,J'espère que sheila dernière fois
292,Hâte
293,https://www.fnac.com/livre-numerique/a21466689/Bernard-Coat-L-Intelligence-Artificielle-au-Coeur-du-Cinema-et-de-l-Audiovisuel#FORMAT=ebook%20(ePub)
294,1/ être sourd
295,Superbe album dont 2 extraits déjà dispo sur les plateformes !!!
296,"Franchement ça n est plus ce que c était
Laissons les être des personnages du temps passé !"
297,Fnac une honte! Colis commander le 17/12 toujours rien reçu!! Et aucun remboursement! Vu que chronopost e leur donne pas plus d’infos ils ne veulent pas me rembourser !?! Ce n’est pas ma faute! En plus le livreur chronopost a avouer cet tromper d’adresse donc ce n’est vraiment pas moi! Pourquoi ne pas me rembourser ?
298,Bonsoir madame ou monsieur vs avez les cartes on se dit les gbê ???
299,L'adherent est roi mais tu as aucunes reductions valables tres ciblées et souvent une seule marque la plus chere bien sur.
300,Le fameux : l adhérent est roi avec un service client au top
301,L'adhérent FNAC est roi : L'adhérent FNAC est roi : Est-il possible de contacter la FNAC par téléphone SANS NUMERO SURTAXE ?! Le dernier appel que j'ai réalisé A DURE 18 MN et mon problème n'a pas été résolu !!! Je dois passer une commande et je n'ai plus accès à mon compte et ce pour une raison que j'ignore et quel que soit le navigateur utilisé. Le magasin FNAC local est impuissant bien sûr ! Aucune adresse mail ou autre moyen de contact n'existe pour ce type de problème ! Dois-je supprimer mon compte et me faire rembourser ma carte de fidélité ? Merci
302,"Expérience catastrophique avec un produit « Fnac 2nde vie » commandé sur le site Darty, en l’occurrence un ensemble caméra go pro 12 avec accessoires ( dont 2 batteries en photo sur la pub)… lors de la livraison il y a une seule batterie je fais donc une réclamation et là le SAV me dit : ´ nous mettons sur tous nos produits la mention « accessoires électrique uniquement » qui signifie que l’appareil est incomplet et qu’il peut avoir des accessoires manquants sans préciser lequel !!!
Ça veut dire que sur les produits
Fnac
et
Darty
Darty de 2nde vie c’est une loterie quand tu ouvres ton colis pour savoir ce qu’il y a dedans… une honte et une belle arnaque"
303,"Fnac
Bonjour,
Après plusieurs appels au Service FnacOne, en attente de leurs rappels qui ne sont jamais arrivés, je me décide à vous contacter afin de vous signaler un problème majeur par rapport à mes droits en tant qu'adhérent FnacOne.
En effet, depuis plusieurs mois déjà, je ne reçois plus les mails automatiques me permettant d'évaluer un article récemment acheté. Je ne reçois donc pas sur ma carte les 1€ normalement crédités. Cela dure depuis des mois, à tel point qu'un geste commercial a été effectué le 13/12/2025 d'une valeur de 9€... Même si ce geste était appréciable, j'aimerais tout de même que ce problème de mail automatique soit réglé, ce qui n'est pas le cas aujourd'hui.
De plus, à chaque appel de ma part pour régler ce problème, mon interlocuteur me dit me rappeler sous 48 à 72h, ce qui n'est pas fait.
Cela concerne aujourd'hui 12 articles non évalués car aucun mail reçus donc un manque à gagner de 12€.
D'où ma question : Quelle est donc l'utilité pour moi de renouveler mon abonnement au service Fnac One ?
Je pense être un bon client (regardez mon historique de commandes) et je considère que le traitement de mon compte est très discutable.
Je voulais également vous signaler un autre problème concernant ma commande N° 995CCZZ6E**** Alain Bashung à l'Olympia. En effet, l'objet est arrivé déchiré (je pèse mes mots) et j'ai envoyé des photos sur le chat quand j'étais en discussion pour le signaler. En premier lieu, on m'a proposé un renvoi de mon article puis une réexpédition, alors que l'objet est indisponible en ligne. Vos collaborateurs en ligne devraient vérifier avant d'affirmer. Bref, heureusement que j'ai vérifié par moi-même.
J'ai donc demandé un geste commercial et on m'a remboursé... 2€... Je ne sais pas quelle est votre politique à ce sujet mais j'ai considéré ce geste presque insultant. Fnac me considère peut-être comme un mendiant?
J'attends votre réponse à ce sujet.
Pour conclure, je tenais à vous informer que je cherche uniquement à faire valoir mes droits et que Fnac a beaucoup trop abusé de ma gentillesse et de ma patience.
Je vous informe également qu'une copie de ce mail sera envoyé aux différents services compétents pour traiter ce type de litiges sous 48 à 72h sans réponse de votre part.
Je vous réitère également ma disponibilité pour finaliser au mieux ces différents problèmes.
Bien cordialement,"
304,Beaucoup trop cher pour le peu de pseudo avantages
305,Quand est-ce que vous vous rachetez un Service Client qui respecte ses clients?
306,"Je suis adhérent mais !!!! Comment se faire avoir avec la FNAC ? Très facile, vous achetez en produit en ligne. Après réception vous ne souhaitez plus ce produit donc vous faîte valoir vos droits de rétraction. Et c'est là que tout commence ! La FNAC use de tous les stratagèmes pour ne pas vous rembourser. Elle commence par vous mener en bateau afin que le délai de rétractation soit dépassé. Très fort à ce petit jeu et ensuite à 2 jours sans réponse pour obtenir une adresse pour pour le retour du produit vous devez prendre une décision donc vous prenez la décision de l'expédier au siège conformément à la législation pour exercer mon droit de rétractation prévu aux articles L. 121-21-3 à L. 121-21-5 sous colis et lettre recommandées afin d'obtenir de leur part le remboursement attendu. C'était le 08 JANVIER 2025 et à ce jour le 17 MARS 2025 je n'ai plus le téléphone et pas obtenu le remboursement de celui malgré des nombreux appels et des messages sur leur plateforme. Après plusieurs tentatives de leur part pour m'expliquer qu'ils ont perdu le téléphone malgré le fait que j'ai bien reçu l'accusé de réception de la poste. NE FAITE PAS ou PLUS CONFIANCE À LA FNAC."
307,"Super
Et pour récupérer du cashback sur tous vos achats
Bon plan pour économiser"
308,"Complément d'accord avec les mauvais retours. De mon côté, expérience catastrophique sur un achat de billets de spectacle..... Fuyez ... Achetez sur Billet réduc ou autre site de ce genre. Ils sont beaucoup beaucoup plus commerciaux !!!!!!!!¡"
309,"Au lieu de faire votre comm, commencez déjà par respecter vos clients et rembourser moi ma commande de tv à 1200 euros jamais livrée et datant de aout 2024. Service client honteux et incompétent malgré les nombreuses réclamations. Dossier transmis à 60M de consommateurs."
310,"Abjecte !
Fnac
prône l'antisémitisme et soutient les terroristes islamistes. Elle situe la mosquée sur une carte où ISRAËL a été remplacée par PALESTINE. #boycottlafnac"
311,"Plus jamais j’achète chez
Fnac
commande passer le 17/12, pas reçu, erreur du transporteur, mais le 11/03 toujours aucun remboursement!!! Je vais être obliger de porter plainte! Demander des dédommagement pour le stress occasionné, le perte de temps des appels que je passe! Une honte"
312,"En tant que lectrice, j'ai l'honneur de m'intéresser, toujours, à l'histoire, ainsi que d'autres matières ! Ce qui garnis bien, de façon toujours philosophique, pour différents âges, toute vie qui soit !
N'est-ce pas ?"
313,"Plus jamais j’achète chez Fnac commande passer le 17/12, pas reçu, erreur du transporteur, mais le 11/03 toujours aucun remboursement!!! Je vais être obliger de porter plainte! Demander des dédommagement pour le stress occasionné, le perte de temps des appels que je passe! Une honte"
314,"Je n'en demande pas autant, juste de pouvoir profiter de mon article acheté le 22 novembre 2024 et toujours pas entre mes mains... Service client fnac + transporteur très lent!!!"
315,Faudrait déjà que le CLIENT soit ROI ! J'aimerais juste de pouvoir profiter de mon article acheté le 22 novembre 2024 et toujours pas entre mes mains... Service client fnac + transporteur très lent!!!
316,"Et on parle des codes envoyés par mail qui ne marchent pas dès qu'on veut commander sur leur site, en respectant scrupuleusement tous les termes pour profiter du code????? Ras le bol de la Fnac... L'expérience client est nulle.... J'adorais, maintenant je déteste.... Merci
Fnac
...."
317,Vous nous parlez d’un temps que les moins de 20 ans ne peuvent pas connaitre…
318,"Je ne sait pas si l'adhérent est roi mais en tout les cas certains clients sont laissé pour compte,j'ai acheté un tél portable à la Fnac DOLE qui à beaucoup de disfontionnements et lorsque je relate ses problèmes au service après vente on refuse d'envoyer l'appareil parce le vendeur ne constate pas les problèmes dans le peu de temps qu'il examine l'appareil."
319,Voir la publication quand même
320,Voir pourquoi
321,Partiellement faux.
322,Semblable à une autre publication examinée par des médias de vérification tiers.
323,"Je suis certain qu'il n'y a plus moquette chez toi
."
324,"La FNAC ou le service client le plus incompétent du marché !
Une achat effectué le 26/12 toujours pas livré le 23/02 alors qu’il est disponible en magasin plus cher….
On vous propose de vous rembourser et de le racheter plus cher le même produit pour le recevoir.
Tout simplement du vol."
325,Bonjour je sors de votre magasin de Bordeaux lac. Cliente pro avec la carte je souhaite vous la rendre et ne plus jamais avoir à faire avec votre groupe. Mes 2 derniers presque achats en magasin se sont mal passés. Les deux derniers sur internet (il y a deux jours) vont vous être renvoyés.
326,"Et pour quelle raison ? Pourriez-vous à ce moment m’assurer la
Livraison des produits commandé il y a plus d’un mois ?"
327,"La FNAC et son service client le plus incompétent du marché !
Une achat effectué le 26/12 toujours pas livré le 23/02 alors qu’il est disponible en magasin plus cher….
On vous dit qu’il faut attendre .
Quand on traite des client ONE comme ça je n’ose pas imagine ce que ça donne pour les ordres
Tout simplement du vol."
328,Perso aucun cadeau pour la St Valentin car j'aimerais déjà juste pouvoir profiter de mon cadeau de Noël. Article acheté le 22 novembre 2024 et toujours pas entre mes mains... Service client fnac + transporteur très lent!!!
329,Après avoir été recredité en bon Fnac n’ayant pas reçu ma commande après un mois d’attente ! Je remarque que l’article commandé est à nouveau disponible en ligne mais 100€ plus cher !!!! Croyez vous sincèrement que cela est honnête ? Ou est ce ça ne s’apparenterait pas plutôt du vol ?
330,"Pour moi c'est la même chose. j'ai acheté un livre par ebook le 13 fevrier, or IMPOSSIBLE DE LE TELECHARGER. IMPOSSIBLE DE LES CONTACTER SAUF JE LEUR TELEPHONE à 40cts la minute; C'est un peu cher.la prochaine fois, je vais chez cultura. je serai mieux servi."
331,"Mon colis n'a jamais été livré.
Votre plateforme indique automatiquement au bout de quelques jours ""colis livré"", car il n'y a aucun bouton permettant d'indiquer la non livraison.
UPS me renvoie à la Fnac, la Fnac à l'expéditeur et ainsi de suite.
Votre chatbot ne sert à rien.
Dernière fois que je passe par vous."
332,"J’ai commandé un robot magimix et un robot pâtissier kitchenaid en solde sur le site. Les articles n’ont jamais été livré. On nous a demandé d’attendre 10 jours pour l’investigation qui sont maintenant passés. Il semblerait que nous ne recevront jamais les articles commandé et maintenant nous allons devoir procéder à une énième réclamation ! Moi qui voulait de commander à la Fnac plutôt qu’Amazon ! On ne m’y prendra plus !
Bien sûr les articles commandé en soldes en janvier sont bien évidemment plus disponible au même prix !
Conclusion, ne commandez pas à la Fnac !"
333,"Madame, Monsieur,
Trop, c'est trop. Votre enseigne fonce droit dans le mur, et il est grand temps que vous en preniez conscience. Il y a encore quelques années, la FNAC représentait une référence incontournable en matière de culture, de choix et de sérieux commercial. Aujourd’hui, c’est devenu une immense déception.
Depuis Noël, ce ne sont pas moins de quatre commandes qui ont été annulées par vos soins, sans explication valable. Quatre vinyles collector que je n’ai pas pu acquérir à cause de votre gestion déplorable des préventes. Deux mois d’attente pour, au final, se retrouver les mains vides ! Est-ce cela votre vision du service client ?
Comme si cela ne suffisait pas, vos tarifs sont aujourd’hui nettement plus élevés que ceux de Cultura et même Leclerc. Qui aurait cru un jour que Cultura ferait mieux que la FNAC ? Mais c'est un fait : même avec la carte FNAC, vos prix restent plus élevés que ceux de vos concurrents. Une carte censée offrir des avantages et qui, en réalité, ne sert qu’à masquer des hausses de prix injustifiées.
Je suis écoeuré par cette situation et j’attends une compensation immédiate pour le préjudice subi. Votre image se détériore de jour en jour, et si vous continuez sur cette voie, ce n'est pas juste quelques clients que vous perdrez, mais l'essence même de ce qui faisait la FNAC.
Dans l’attente d’une réponse rapide et satisfaisante,
Un client très mécontent."
334,"Nous avons commandé une tv à 1700 euros... aucune livraison chez nous... on a déjà appelé plusieurs fois la Fnac en France mais on arrive pas avoir un remboursement! On nous promet de nous rappeler, on nous rappelle pas. Quand on appelle, on nous dit d attendre la fin de la enquête pour avoir le remboursement et d appeler le 19/2. On appelle aujourd'hui et toujours pas de remboursement! On nous dit que comme c est une livraison en Belgique, il faut attendre 40 jours ouvrables !!!! Je ne vois pas en quoi le fait que la livraison soit en Belgique retarde le délai de remboursement ! Nous on a besoin de cet argent pour acheter une tv!!!"
335,Bande de chiens tjr des problèmes avec les commandes. Allez bien vous faire e.culer
336,"Ne savez-vous pas que la saint-valentin est un pur détournement marketing? Pendant la deuxième guerre mondiale, le 14 février, 2000 juifs ont été brûlés après avoir été arrêtés le 13. Ajrd ce serait pro de vérifier le sens réel des évènements de l'Histoire avec toutes les connaissances que nous avons à notre disposition, plutôt que de suivre comme un mouton les tendances ..."
337,"Hélas je dois vous boycotter, du fait de votre mise en vente de produits antisémites (notamment le livre Al Quds !!!)
Retirez-vite cette série avant que ça ne prenne de l’ampleur !!!"
338,C'est un business !
339,"Tout un business vous appelez pour prendre des nouvelles de votre commande égarée par lea FNAC depuis le 17/01/2025 et vous avez un appel surtaxe à 0,4 euors par minute pour une commande de 800 euros non livrée"
340,FNAC c'est un drame commande jamais livrée depuis le 17/09/2025 pour un laptop de 800 euros preleves et jamis livre : commande égarée et on vous facture 22 euros pour prendre des nouvelles de votre commande ! depot de plainte effectuée aupres de le FEVAD !
341,ah ouais... ça réchauffe bien la sélection Fnac ! On sent la thématique.
342,"En ligne depuis plus de 20 minutes à 40 centimes par minute
et toujours personne"
343,Mais a chaque appel on vous promene : on relance le service transport et vous aurez une réponse sous 72 Heures !
344,"le rapport avez Buffy les vampires ? 0,4 euro la minute ! si ca s'appelle pas des vampires !"
345,"Hâte de voir ce que ça donne , avec toutes les tueuses potentielles que nous avait laissé le final .
La vie amoureuse de Buffy est elle toujours aussi tourmentée ? Y a t'il d'autres bouches de l'enfer ?
J'espère revoir Angel ( David boreanaz ) aussi"
346,"Julie Pint
j'ai jamais eu aucun souci avec la Fnac ! Et je ne comprends pas pourquoi les gens créent des polémiques sur une publication qui n'a rien a voir avec leur doléance , chouinent sur les réseaux sans interlocuteur en face ...
Je me demande qui est le plus à plaindre .
Jai critiqué votre incompréhension de la conjugaison française , pas de la grammaire .
Continuez a vous enfoncer , bravo petite"
347,Moi je demande quand la série sort en blue ray ce serait génial et Angel aussi.
348,J’espère qu’on le sera
349,Tellement bien
350,Lowa Tchapel
351,"La Fnac c est:
Fédération
Nationale des
Ar’naqueurs et des
Charlatans"
352,OK autant saisir la DCGRF sur vos methodes (repression des fraudes) payer un etelephone surtaxe pour une commande jamais livrée mais facturée 800 euros
353,"Bonjour comment vous joindre ,mon fils de 14 ans c'est offert une enceinte ,(qui était en commande, après l'achat j'ai reçu un mail pour me dire que c'était annulé .je crains que la fnac n'est pas la bonne adresse !!! Il a payé en espèces ( c'était son argent de noel) comment vous joindre ???"
354,Honteux anarqueurs . Ne surtout pas vous adresser à eux .
355,"Surtout, si vous souhaitez offrir un abonnement de magazines, ne passez pas par Kiosque Presse par FNAC ! J'imaginais que le nom de la FNAC était gage de qualité, mais NON !!! Commande de 2 abonnements passée le 28 novembre pour cadeaux de Noël et à ce jour, je suis encore obligée de réclamer car 1 seul reçu ,il y a quelques jours alors qu'il était prévu le 30 décembre ! Le service clients est incompétent, vous rejette la faute (adresse à indiquer, qui l'était déjà et correctement). À FUIR !!!!!!!!"
356,"Demande de remboursement ou d'un renvoi d'un colis jamais livré en date du 24 décembre... aucune réponse et bien sûr site verrouillé, impossible de faire une réclamation. On choisit un site français et on se retrouve face à des comportements dignes d'Amazon ou Ali baba. La FNAC est devenue une honte, plus aucune éthique ; le profit, le profit avant tout. Je ne lâcherai pas ma réclamation, mais c'est terminé, je vais me trouver un autre ""libraire"" !"
357,"Fnac/Darty, vous êtes une honte du commerce !
Promesses non tenues, service client inexistant, et mépris total des consommateurs. Vous encaissez l’argent mais êtes incapables de fournir le moindre service digne de ce nom. C’est une art naque déguisée en magasin ! J’espère que d’autres prendront conscience de votre incompétence. Dernière fois que je dépense un centime chez vous !”"
358,"Merci la Fnac pour mon remboursement d’une commande passée le 20 janvier dernier et jamais reçue car « en attente de prise en charge d’un transporteur ».
Depuis j ai échanger avec une dizaine de conseillers différents tous les jours qui remettent la chose à « demain » à chaque fois.
Quelqu’un connait-il la marche à suivre pour se plaindre plus haut ? Merci"
359,"Bonjour je participe avec plaisir et j'invite
Belem de Almeida"
360,Vincent Laus
361,"Il serait déjà sympa d’envoyer les lots gagné, il y a quatre mois￼ au concours, 70 ans, Fnac Xiaomi, vraiment pas sérieux, pas professionnel du tout la Fnac"
362,Toujours pas l'argent qu'ils me doivent sur ma cagnotte et ils ne répondent plus aux messages que ce soit Facebook ou WhatsApp. Décevant de leur part
363,"Depuis des mois, j'attends une solution de la Fnac pour une barre de son défectueuse que j'ai achetée en septembre. Après plusieurs échanges, relances et même un dépôt complet du matériel en magasin fin décembre, je n'ai toujours ni réponse ni remboursement. Retenir l'argent d'un client sans apporter de solution est inacceptable. La considération pour les clients est inexistante. Je demande à ce que mon problème soit réglé"
364,Johan Liénard
365,"Victoria Mlc
Virginie Cansev"
366,"Honteux
Anrqueurs
A éviter"
367,À fuir !!!!!!!!
368,"je confirme “Une expérience catastrophique avec Fnac, à fuir absolument"""
369,"Merci la Fnac pour mon remboursement d’une commande passée le 20 janvier dernier et jamais reçue car « en attente de prise en charge d’un transporteur ».
Depuis j ai échangé avec une dizaine de conseillers différents tous les jours qui remettent la chose à « demain » à chaque fois.
Quelqu’un connait-il la marche à suivre pour se plaindre plus haut ? Merci"
370,"Salut la FNAC, pour quoi qd on achète un Ebook chez vous, en format Epub (comme vous l'indiquez) on ne reçoit PAS un fichier au format Epub ??
Pourquoi bien entendu l'achat est non remboursable parce que bien sûr on a déjà le fichier.... mais pas au format annoncé...
Pourquoi sur votre site web qd on clique sur ""contactez nous"" on tourne en boucle sur les FAQs ??"
371,"Commande annulée depuis fin novembre, jamais récupérée, toujours en attente de remboursement malgré mes nombreux mails et appels !!!!
Adhérente depuis toujours je suis déçue et je ne reprendrai plus de carte de fidélité c’est sur !!!!!
Fnac"
372,"moi pareil, j'ai retourné un coffret Bluray qui était en doublon, la réponse de la personne, faut attendre 15 jours pour se faire rembourser, je lui rétorque ""vous vous foutez de moi !!!"", Amazon pour un ancien retour, remboursé en moins de 3H, Fnac terminé pour moi"
373,Quand vous voulez pour créditer ma cagnotte
374,J attends toujours mon remboursement des 299€ que vos salariés m on volé depuis mars
375,J'attend toujours le remboursement de ma commande annulé le 20 décembre.
376,Pas de code promo en ce moment? Merci
377,"3 euros crédité sur votre compte iGraal France avec le parrainage.
Économise sur tes achats en ligne avec iGraal chez plus de 1800 marchands. Inscris-toi ici : https://fr.igraal.com/app-share?pid=copy-link&c=Plus_page&godfather=AG_64309dd6cb121
Ensuite vous avez des milliers d’enseignes en ligne ou magasin qui vous permettent de récupérer de l'argent sur chacunes de vos commandes, par le biais de cashback sur le compte igraal ou directement en magasin en achètant des bons d'achats utilisable en boutique et même en ligne, des cashback et bon d'achats sont même cumulables.
Ca permet de récupérer de 2% a plus de 20% ce qui n'est pas négligeable du tout.
Tester c'est l'adopter
Rien de compliqué, si vous souhaitez des informations sur le fonctionnement etc... n'hésitez pas à m'envoyer un message."
378,"Lamentable ! J ai passé une commande n CEK2ZZ52MR5E49 DE 7 livres difficile a trouver, la Fnac me m informé par mail qu ils ont annulé ma commande, par manque de fiabilité de mes informations personnelles !! Merci régler ce pb ! Vive l IA"
379,Je laisse mon avis de Google en plus vous avez essayé de la faire supprimer de Google plus avec les j'aime
380,"bonjour, le service mise en relation par messenger ne me répond pas, j'ai eu un délai à répondre peut être qu'il m'ignore maintenant. Je souhaite donc recommencer la procédure, mais ""Démarrer"" ne fonctionne pas...j'ai été archivé"
381,"Bonjour
Fnac
et moi j’attend mon remboursement depuis novembre !"
382,merci vous êtes une équipe au Top
383,"On est sensé pouvoir vous contacter sur messenger, okay.... ça fait une semaine que je vous écrit tous les jours... j'attends toujours......
J'aimerais faire une réclamation à une réclamation
Votre service client est complètement incompétent"
384,"Bonjour,
Pour faire suite à un mail de votre part concernant votre service la vie digitale 365.
Je tiens à vous informer que ce service a déjà été résilié. De ce fait je ne suis plus lié à ce service ni à toute facturation lié à ce sujet.
Je vous invite donc à revoir vos base de données et stopper vos mails de menace et également signaler à votre société de ""recouvrement"" d'arrêter ces menaces. Vos pratiques commerciales sont honteuses. Il me semble que nous sommes un certain nombre à se plaindre de vos pratiques. Sachez que nous n'obtiendrez rien de ma part sachant que le contrat est résilié.
Bien cordialement
Arnaud WA"
385,"LA FNAC NE REMBOURSE PAS
Il y a plus de deux semaines, j’ai renvoyé une commande de 60e directement en magasin, qui m’a confirmé que tout était ok. Je n’ai toujours pas mon remboursement, car la FNAC ne sait pas où est la commande. SAV ne répond plus, au téléphone j’ai passé 20 minutes à attendre (40cts par minute) pour qu’on me raccroche sans rien me dire."
386,"Une honte une commande effectuée début décembre un colis sur 2 livrés on nous répète sans cette la même chose il faut attendre le retour du service livraison si le colis est perdu … nous attendons depuis le 12/12 et nous avons dû offrir la moitié du cadeau de Noël
Bravo Fnac et merci pour votre super service client"
387,"J’ai déposé un retour en magasin le 12 décembre. Le service client me confirme avoir bien réceptionné l’article mais aujourd’hui j’attend toujours le remboursement !!
On est loin du délai annoncé : remboursé sous 10 à 15 jours.
Personne ne daigne répondre au message que j’envoie. Encore un service client en dessous de tout…"
388,"Fnac n’est plus capable d’honorer ses commandes, les services sont devenus déplorables. Service client à Madagascar, inutile… sens du client inexistant, commandes non livrées ou perdues… et aucune considération"
389,"Impossible de joindre la fnac par messenger (aucune réponse) et je ne parle pas du téléphone pour un code Xbox payé, encaissé mais jamais envoyé !"
390,"Comment cette société est elle encore debout ? J'ai commandé une carte Disney+ le 20/12. n'ayant pas reçu les codes, j'ai appelé le SAV qui m'a dit qu'ils me les renvoyaient. Toujours pas reçus, j'ai contacté la FNAC par messenger. On m'a demandé une autre adresse emel pour les renvoyer ... toujours pas reçus le 2/01 ... Ma petite fille très triste de ne pas pourvoir en profiter pendant les vacances, mais cela la FNAC s'en moque ! Ce jour le 2/1, je rappelle un tantinet énervé .. et la, la personne me dit je vais vous les donner par Tel !!! et pourquoi cela n'a pas été fait la première fois ?"
391,Je vous ai contacté depuis plusieurs jours notamment par Mp. J'attends une réponse de votre part.
392,120 !? Ça c'est de la sélection...
393,Membre de notre Fédération qui vous souhaite les meilleurs vœux pour l’année 2025
394,"La
Fnac
, une catastrophe ils ont perdu mon colis d'un téléphone commandé pendant le black friday et en attendant plus de nouvelles, service client délocalisé au Maghreb inefficace. Finalement je vais commander chez
Amazon.fr"
395,"Bonjour, ce serait des bons plans si il y avait pas une augmentation des prix juste avant promo. Un même pack prit en photo avec 3 jours d'intervalles. Aujourd'hui je conseilles aux futurs acheteurs de prendre en séparer les éléments car tout compris en séparé vous vous en sortez pour 390€ sur le site de la fnac contre 449€ leur pack. Je pensais que l'intérêt d'un pack était d'être moins cher"
396,"Article indiqué comme livré en boite aux lettres mais rien dedans, site internet qui bug. J'aimerai un remboursement car j'ai dû acheter l'article une seconde fois pour l'offrir à temps !! Plusieurs messages aucune réponse sur messenger !?"
397,"Une honte de ne faire travailler que le CM sur tous vos supports !
Service client inexistant !!! Conversation par SMS depuis 1 semaine où m’a dit plusieurs fois « nous revenons vers vous dans les 2h » personne n’est jamais revenu ! Et ce matin le culot ! Je reçois un SMS « qu’avez-vous pensé de notre conversation ? » mais c’est une blague ??? Pour encaisser c’était plus rapide !!!! PLUS JAMAIS
Aucun retour non plus sur fb Messenger ! Ni par téléphone ou la minute est facturée !!!
Après vous vous étonnez qu’on se tourne vers Amazon !!!"
398,Il n'y a que le CM qui travaille ? Ou est le service client depuis un mois et demi ?
399,"Impossible d'avoir une personne compétente pour régler l'annulation de 2 commandes faites sur le site de la Fnac, une honte et surtout du vol près de 90 EUR dans le vent"
400,Le Groupe Fnac Darty sont des escrots j attends un remboursement depuis mars vous n êtes que des vauleurs
401,"Bonjour, y a t'il des ventes privées demain soir la veille des soldes ?"
402,Une honte des codes promo pour cagnotter qui ne fonctionnent pas alors que pourtant bien saisi. Seule solution proposée : se faire rembourser ! Bravo la relation client
403,"J'ai commandé à la Fnac plutôt que sur Amazon, pour favoriser une entreprise française. Alors la plate forme dit que c'est livré, ce qui est faux. Impossible de parler à quelqu'un. C'est une honte"
404,Vous n'avez pas honte de faire payer les appels vers le service clients pour annuler une commande qui n'arrive pas!!!?
405,"Génial la
Fnac
, je vois que je ne suis pas le seul mécontent avec ma commande qui n'arrive pas et avec le fait que vous ne répondiez pas via Messenger..."
406,"Moui, je suis une fidèle des livraisons FNAC.
Je paie 7 euros pour recevoir ce matin un colis défoncé, coincé de force dans ma boîte à lette. Colis explosé.
Le livreur n’ayant même pas pris la peine de sonner….
Impossible de trouver un lien pour réclamation sur leur site."
407,"FNAC vous vous reposez sur votre image pour fournir un service client pourri.
Vous êtes injoignable !
SAV téléphone : labyrinthe payant qui ne mène à rien
Messenger : reste sans réponse
Impossible de savoir où en est ma commande qui devrait être arrivée depuis 8j
Sera-t-elle là pour Noël ? Surprise"
408,"Attention , les prestataires de la Fnac pour la livraison de produits FNAC sont défaillants, vous ne recevez pas votre colis et la FNAC se désengage du sujet et vous laisse seule gérer le pb avec le transporteur : AUCUNE ASSITANCE, ni respect du client : LA FNAC devient aussi médiocre que des markets place"
409,"Bonjour, la Fnac ne répondant pas sur la messagerie, je passe par ici : j'ai acheté vendredi 13 décembre 2024 sur le site de la Fnac une e-carte Google Play de 15 € (commande N°DPT2SNHV52HCS). Or elle ne fonctionne pas ; Google m'indique par retour de mail que ""le numéro de la carte n'est pas valide ou ne correspond pas aux informations disponibles dans nos systèmes"". Au magasin Fnac de Vélizy, on m'a refusé sèchement un remboursement ou un échange avec un autre numéro de carte valide Google Play. C'est scandaleux ; je suis fidèle à la Fnac depuis toujours, j'ai même la carte adhérent. Mon fils, à qui était destiné cette carte cadeau pour noel, est très déçu, et moi donc... J'insiste donc pour un remboursement ou un échange de carte."
410,"Mise à jour :
Après un appel de 43 min avec un nouvel responsable qui, cette fois, semble bien plus efficace et correct que les précédents, j’apprends que mon produit, qui a été enlevé le 29/11/2024 par un de vos livreurs, a été déposé au FNAC de Toulon qui ne l’a jamais envoyé à la plateforme logistique !!! Nous sommes donc 21 jours plus tard et mon produit n’est pas parti !!! Merci de respecter vos engagements pour les réexpéditions de 10 à 15 jours, bordel !!!"
411,"Cela fait 1 mois que j'attends ma commande qui a été perdu ou volé. Pas de nouvelles de la FNAC malgré mes nombreuses relances. Le colis est en partance depuis 1 mois, puis plus rien, plus aucune trace."
412,J'ai passé 1 h au téléphone pour résoudre un problème de commande qui n'a pas été livrée au bon endroit. On m'a demandé de repasser la commande ; l'autre me serait remboursée. Résultat : j'attends la 2e commande et le statut de la première n'a toujours pas été modifiée ! et il n'y a plus moyen de les contacter autrement que pas téléphone... Le site est complètement verrouillé... on ne peut plus du tout faire de réclamation écrite !
413,"Bonjour,
J'aimerais savoir quand mon produit sera réexpédié suite à la réception du colis endommagé le 23/11/2024, qui à ce jour est introuvable alors qu'il a été récupéré par un chauffeur que vous avez mandaté le 29/11/2024.
À ce jour, et suite à de multiples appels à votre service après-vente où tout le monde ouvre des enquêtes à tout va avec la promesse d'être recontacté sous 48 heures, aucune personne ne m'a recontacté ni informé de la réexpédition de mon colis !!!"
414,"Je ne recommande pas, ils sont NULS !
Commande faite le 18 décembre 2024, pour une livraison qui était prévue le 26. Nous sommes le 10 janvier 2025 et la commande n'est même pas en préparation !
Bientôt 4 semaines que j'attends, ma commande, et on ose me dire qu'ils sont en rupture de stock du produit. Pourtant, quand j'ai payé 500 € sur le site, il était bien écrit en GROS ""Produit en Stock"" Livraison le 26/12 ! Commande N°94472LGF6H6NC !
Vous n'avez vraiment pas honte de débiter 500 €, là ça fonctionne, mais faire attendre ces clients plus de 3 semaines sans aucune visibilité sur la livraison, là il n'y a plus personne !!!!! MERCI DE M'ENVOYER MA COMMANDE !!"
415,"Il ne semble pas y avoir de community manager sur cette page... Ce n'est pas grave. Le message s'affichera donc plus longtemps. Ma fille m'avertit ce soir d'une vente qui, selon moi, présente toutes les caractéristiques de vente forcée. Les méthodes de vente sous couvert de carte de fidélité d'un anti-virus à 16,99 Euros / Mois !!!!!!! Voilà donc la façon de faire de la marge plutôt que de vendre des services de façon professionnelle et assortie de conseil ! J'enlèverai ce message dès lors que j'aurai été remboursé jusqu'au dernier euro de cette ""vente"" dont elle n'a jamais profité... Pour une étudiante qui vient de tout juste rentrer dans la vie active. A vous préciser que j'ai environ 3500 contacts .... Pour l'instant je ne copie pas ce message mais cela ne saurait tarder. Comment une marque telle que la vôtre peut se livrer à de telles pratiques commerciales ou comment démolir la valeur d'une marque ? Cela restera un mystère pour moi"
416,"Franchement lamentable......
depuis le 24/12/2024, j'essaye de gérer ma commande qui a été annulé mais qui m'a quand même mit en place un débit de mon compte PAYPAL en attente.
une commande de 154.75€.
je n'arrive pas a avoir quelqu'un pour gérer cette annulation de débit.
j'ai envoyé des mails, personnes ne répond.....
j'ai passé au moins 2h au téléphone, donc 120 minute à 0.40€ la minute, ce qui fait un totale de 48€ pour avoir des incompétents qui donc ne peuvent rien faire sauf faire remonter mon dossier.
je ne suis pas prés de repasser une commande à la FNAC.
je veux que vous supprimiez toutes mes données en tant que clients...."
417,"Bonjour, moi aussi je suis mécontente des services de la FNAC et sans service client convenable nous sommes obligés de passer par les commentaires des publications Facebook. Tant pis! On m'a souscrit une assurance sans mon consentement, 25 euros par mois rien que ça ! Attention si vous allez à la FNAC ce sont des escrocs, ne signez rien. Et même n'y allez plus"
418,"Bonjour, je n'arrive pas du tout à régler une commande. Par n'importe quel compte ou moyen de paiement, ça marque une page d'erreur. Pouvez-vous m'aider rapidement ou sinon je devrai passer commande ailleurs, merci"
419,Superbe .. mais non ...avant cela commencez par livrer vos commandes que vous avez encaissé !!!grosse déception..déplacement en magasin.. promesse de livraison rapide.. paiement.. et rien .. si un e-mail : pas de livraison possible nous voudrions tiendrons au courant .. depuis plus rien .. service de suivi bien en dessous de la concurrence.. bref. Bonne journée et bonne chance ...
420,"Ramenez
Solo Dicko
dans une fnac Parisienne ou du Val-d'Oise pour y faire dédicacer son Autobiographie please."
421,"Bonjour, je vous ai écrit dans le chat mais je n'ai pas encore reçu de réponse"
422,"La FNAC existe-elle encore?
Pas de réponse aux clients qui sont en droit de se poser des questions sur le commandes.
La FNAC existe-elle encore..."
423,"Idem commande qui n’est jamais arrivée ! Service client sur Messenger inutile qui ne répond jamais après 3 relances.
Je pense finir par faire opposition à la banque et faire remonter l’info au siège."
424,"Bonjour, ma commande a été expédiée lundi, depuis elle n'avance pas, d'habitude cela ne met pas longtemps, le suivi ne bouge pas, et impossible de vous avoir? comment vous contacter?"
425,"Je crois que j'ai aussi un problème avec eux ai fait une commande et je ne la reçois pas leur service de livraison colis privé les pires distributeurs,"
426,"On en parle de la Fnac qui vend en pré-commande un livre qui n'existe pas ?? (Merci à Éditions La Volte de me l'avoir confirmé). Et comme j'ai payé avec une carte cadeau achetée exprès pour ça, refuse de me rembourser autrement que par chèque cadeau... Bien sûr mes cadeaux de Noël sont déjà fait (et chez eux en plus !) donc voilà de l'argent qui va dormir chez eux. Honteux !!!"
427,"N'achetez pas chez Fnac , ma commande N°DQYHPNK2UVFR2, jamais reçu, ils font une enquête qui n'avance pas, ils m'ont pourtant prélevé, j'ai une facture, mais manque la commande.
Je pensais que commander sur fnac.com, c'était un gage de sûreté, comme boulanger.com voir même amazon.fr, mais en fait non je me fait flouer. Mon entourage m'avait conseillé de commander sur Amazon, j'ai privilégié la proximité ça m'apprendra...."
428,"Rien à voir avec la publication mais on ne me répond pas sur la
Fnac
Je suis très mécontente du service de livraison et de votre service après vente
Merci de me contacter et que ce soit une vrai personne pas un robot qui ne comprend pas les demandes"
429,Commande de 2 livres le 8 décembre pour Noël livraison annoncée à partir du 8 janvier. Bon ben on vise pâques
430,"Effectivement, ils ne répondent pas aux messages. Presque une semaine que j'attends une réponse concernant le remboursement d'un livre en pré-commande qui en fait n'existe pas !!"
431,Membre de notre FEDERATION Accepte les chèques cadeaux Grand Pontarlier
432,"JE M'APELLE
Kotaro Bonaparte
...ENCHANTÉ,"
433,"BONJOUR...FNAC,COMMENT ALLEZ VOUS？！"
434,"Bonjour, comment joindre le service suivi de commande par mail ? cela fait 2 semaines que j'essaye de me faire créditer mes avantages fidélités ! C'est pénible de devoir systématiquement réclamer !"
435,"Fabi Dule , Serge Fournier, il faut réclamer systématiquement. A mon avis, ils comptent sur le fait que les clients ne fassent pas attention. Le service commercial est déplorable. Cela fait 2 semaine que j'essaye de les joindre sans succès via messenger ou via leur robot sur le site de la fnac."
436,Plus personne ne répond sur messenger
437,Même chose pour les cartes Google play
438,répondez de toute urgence à la boîte de réception des messages. J'ai une commande que je n'ai jamais reçue et que vous avez déjà facturée. J'ai besoin d'un remboursement de mon argent.
439,"Sophia Franckiki Bonjour, même combat sur cagnotte avec 20 euros attribués, pas de réponse sur Messenger ou par mail depuis 8 jours donc SAV inexistant. Ce foutage de gueule est inadmissible, Amazon est joignable lui, et rattrape ses problèmes dit techniques. La Fnac pour moi c'est terminé."
440,"Sophia Franckiki ah, vous répondez peut-être à ma question... j'ai acheté la carte fidélité exprès lors d'une commande pour avoir 10 euros reversés chaque 100 euros d'achat et rien n'a été crédité sur ma carte
..."
